batch,requested_model,task_idx,map_type,rep,input_tokens,output_tokens,cost,turns,wall_time,stop_reason,precision,recall,f1,model
batch1_medium,mistral/devstral-medium-latest,0,ast_compact,0,230148,902,0.04537,20,81.11,max_turns,1.0,1.0,1.0,devstral-medium-2512
batch1_medium,mistral/devstral-medium-latest,0,ast_compact,1,241450,1063,0.040543,20,35.72,max_turns,1.0,1.0,1.0,devstral-medium-2512
batch1_medium,mistral/devstral-medium-latest,0,ast_compact,2,238197,966,0.038254,20,44.8,max_turns,1.0,1.0,1.0,devstral-medium-2512
batch1_medium,mistral/devstral-medium-latest,0,ast_compact,3,163045,1137,0.009118,16,42.65,submitted,1.0,1.0,1.0,devstral-medium-2512
batch1_medium,mistral/devstral-medium-latest,0,ast_compact,4,216538,1363,0.044362,20,72.32,max_turns,0.5,1.0,0.6667,devstral-medium-2512
batch1_medium,mistral/devstral-medium-latest,0,ast,0,303399,1629,0.07457,14,134.35,submitted,1.0,1.0,1.0,devstral-medium-2512
batch1_medium,mistral/devstral-medium-latest,0,ast,1,223812,1330,0.033606,12,48.85,submitted,1.0,1.0,1.0,devstral-medium-2512
batch1_medium,mistral/devstral-medium-latest,0,ast,2,223005,810,0.005401,11,75.53,submitted,1.0,1.0,1.0,devstral-medium-2512
batch1_medium,mistral/devstral-medium-latest,0,ast,3,306293,1080,0.064965,16,143.72,submitted,1.0,1.0,1.0,devstral-medium-2512
batch1_medium,mistral/devstral-medium-latest,0,ast,4,281852,1043,0.058929,14,109.94,submitted,1.0,1.0,1.0,devstral-medium-2512
batch1_medium,mistral/devstral-medium-latest,0,none,0,96960,1138,0.028439,20,70.64,max_turns,1.0,1.0,1.0,devstral-medium-2512
batch1_medium,mistral/devstral-medium-latest,0,none,1,168494,511,0.032189,20,49.25,max_turns,1.0,1.0,1.0,devstral-medium-2512
batch1_medium,mistral/devstral-medium-latest,0,none,2,107341,939,0.01732,20,40.18,max_turns,1.0,1.0,1.0,devstral-medium-2512
batch1_medium,mistral/devstral-medium-latest,0,none,3,89447,1017,0.017685,20,56.61,max_turns,0.0,0.0,0.0,devstral-medium-2512
batch1_medium,mistral/devstral-medium-latest,0,none,4,178522,1072,0.045751,20,71.72,max_turns,1.0,1.0,1.0,devstral-medium-2512
batch1_medium,mistral/devstral-medium-latest,12,ast_compact,0,58019,1029,0.017227,6,87.7,submitted,1.0,0.6667,0.8,devstral-medium-2512
batch1_medium,mistral/devstral-medium-latest,12,ast_compact,1,86086,1628,0.014254,8,29.17,submitted,1.0,1.0,1.0,devstral-medium-2512
batch1_medium,mistral/devstral-medium-latest,12,ast_compact,2,276362,1851,0.050964,20,99.71,max_turns,1.0,1.0,1.0,devstral-medium-2512
batch1_medium,mistral/devstral-medium-latest,12,ast_compact,3,42874,907,0.018413,5,160.22,submitted,1.0,0.3333,0.5,devstral-medium-2512
batch1_medium,mistral/devstral-medium-latest,12,ast_compact,4,40545,980,0.0146,5,28.8,submitted,1.0,0.6667,0.8,devstral-medium-2512
batch1_medium,mistral/devstral-medium-latest,12,ast,0,477440,1994,0.095316,20,85.11,max_turns,1.0,1.0,1.0,devstral-medium-2512
batch1_medium,mistral/devstral-medium-latest,12,ast,1,427279,1235,0.083001,20,203.65,max_turns,1.0,0.6667,0.8,devstral-medium-2512
batch1_medium,mistral/devstral-medium-latest,12,ast,2,184203,1201,0.03417,11,43.57,submitted,1.0,0.6667,0.8,devstral-medium-2512
batch1_medium,mistral/devstral-medium-latest,12,ast,3,325843,1418,0.073992,17,74.26,submitted,1.0,1.0,1.0,devstral-medium-2512
batch1_medium,mistral/devstral-medium-latest,12,ast,4,123406,631,0.042541,7,143.54,submitted,1.0,0.6667,0.8,devstral-medium-2512
batch1_medium,mistral/devstral-medium-latest,12,none,0,215860,1016,0.045285,20,99.85,max_turns,1.0,0.3333,0.5,devstral-medium-2512
batch1_medium,mistral/devstral-medium-latest,12,none,1,148012,713,0.032906,20,65.23,max_turns,1.0,0.6667,0.8,devstral-medium-2512
batch1_medium,mistral/devstral-medium-latest,12,none,2,37929,391,0.00869,10,13.51,submitted,1.0,0.3333,0.5,devstral-medium-2512
batch1_medium,mistral/devstral-medium-latest,12,none,3,34971,419,0.008926,9,15.07,submitted,1.0,1.0,1.0,devstral-medium-2512
batch1_medium,mistral/devstral-medium-latest,12,none,4,118861,700,0.023191,18,47.86,submitted,1.0,0.3333,0.5,devstral-medium-2512
batch1_medium,mistral/devstral-medium-latest,14,ast_compact,0,274824,1394,0.049889,14,252.39,submitted,0.0,0.0,0.0,devstral-medium-2512
batch1_medium,mistral/devstral-medium-latest,14,ast_compact,1,51401,825,0.01935,4,59.88,submitted,0.0,0.0,0.0,devstral-medium-2512
batch1_medium,mistral/devstral-medium-latest,14,ast_compact,2,93096,1002,0.026615,8,123.29,submitted,0.0,0.0,0.0,devstral-medium-2512
batch1_medium,mistral/devstral-medium-latest,14,ast_compact,3,58716,774,0.019217,5,63.37,submitted,0.0,0.0,0.0,devstral-medium-2512
batch1_medium,mistral/devstral-medium-latest,14,ast_compact,4,284684,1808,0.051698,20,211.09,max_turns,0.0,0.0,0.0,devstral-medium-2512
batch1_medium,mistral/devstral-medium-latest,14,ast,0,421047,1412,0.09843,17,174.73,submitted,0.0,0.0,0.0,devstral-medium-2512
batch1_medium,mistral/devstral-medium-latest,14,ast,1,135657,661,0.025569,7,70.43,submitted,0.0,0.0,0.0,devstral-medium-2512
batch1_medium,mistral/devstral-medium-latest,14,ast,2,524881,2260,0.074952,20,181.57,max_turns,0.0,0.0,0.0,devstral-medium-2512
batch1_medium,mistral/devstral-medium-latest,14,ast,3,360114,845,0.064968,14,56.16,submitted,0.0,0.0,0.0,devstral-medium-2512
batch1_medium,mistral/devstral-medium-latest,14,ast,4,534611,1905,0.108886,20,106.42,max_turns,0.0,0.0,0.0,devstral-medium-2512
batch1_medium,mistral/devstral-medium-latest,14,none,0,287999,1040,0.050028,20,50.8,max_turns,0.0,0.0,0.0,devstral-medium-2512
batch1_medium,mistral/devstral-medium-latest,14,none,1,132572,775,0.024358,13,88.85,submitted,0.5,1.0,0.6667,devstral-medium-2512
batch1_medium,mistral/devstral-medium-latest,14,none,2,230340,954,0.049199,19,90.41,submitted,1.0,1.0,1.0,devstral-medium-2512
batch1_medium,mistral/devstral-medium-latest,14,none,3,212985,1705,0.036617,20,85.25,max_turns,0.0,0.0,0.0,devstral-medium-2512
batch1_medium,mistral/devstral-medium-latest,14,none,4,300001,891,0.069962,20,140.66,max_turns,0.5,1.0,0.6667,devstral-medium-2512
batch1_medium,mistral/devstral-medium-latest,15,ast_compact,0,41387,496,0.010878,5,21.13,submitted,1.0,1.0,1.0,devstral-medium-2512
batch1_medium,mistral/devstral-medium-latest,15,ast_compact,1,78058,561,0.018208,9,89.33,submitted,1.0,1.0,1.0,devstral-medium-2512
batch1_medium,mistral/devstral-medium-latest,15,ast_compact,2,41491,462,0.004855,5,9.28,submitted,1.0,1.0,1.0,devstral-medium-2512
batch1_medium,mistral/devstral-medium-latest,15,ast_compact,3,58282,500,0.008518,7,12.33,submitted,1.0,1.0,1.0,devstral-medium-2512
batch1_medium,mistral/devstral-medium-latest,15,ast_compact,4,60038,468,0.012017,7,11.71,submitted,1.0,1.0,1.0,devstral-medium-2512
batch1_medium,mistral/devstral-medium-latest,15,ast,0,200522,686,0.0456,11,89.46,submitted,1.0,1.0,1.0,devstral-medium-2512
batch1_medium,mistral/devstral-medium-latest,15,ast,1,123353,564,0.029106,7,69.46,submitted,1.0,1.0,1.0,devstral-medium-2512
batch1_medium,mistral/devstral-medium-latest,15,ast,2,182048,923,0.012496,10,29.57,submitted,1.0,1.0,1.0,devstral-medium-2512
batch1_medium,mistral/devstral-medium-latest,15,ast,3,220855,842,0.060106,12,38.57,submitted,1.0,1.0,1.0,devstral-medium-2512
batch1_medium,mistral/devstral-medium-latest,15,ast,4,405778,1095,0.068597,20,49.86,max_turns,1.0,1.0,1.0,devstral-medium-2512
batch1_medium,mistral/devstral-medium-latest,15,none,0,16188,483,0.005201,8,83.51,submitted,1.0,1.0,1.0,devstral-medium-2512
batch1_medium,mistral/devstral-medium-latest,15,none,1,26707,644,0.006409,11,48.03,submitted,1.0,1.0,1.0,devstral-medium-2512
batch1_medium,mistral/devstral-medium-latest,15,none,2,23161,672,0.005079,10,30.49,submitted,1.0,1.0,1.0,devstral-medium-2512
batch1_medium,mistral/devstral-medium-latest,15,none,3,22353,592,0.00624,10,61.17,submitted,1.0,1.0,1.0,devstral-medium-2512
batch1_medium,mistral/devstral-medium-latest,15,none,4,26880,747,0.00607,11,81.06,submitted,1.0,1.0,1.0,devstral-medium-2512
batch1_medium,mistral/devstral-medium-latest,4,ast_compact,0,235534,1214,0.043656,20,70.62,max_turns,1.0,1.0,1.0,devstral-medium-2512
batch1_medium,mistral/devstral-medium-latest,4,ast_compact,1,109320,833,0.025573,15,58.72,submitted,1.0,0.5,0.6667,devstral-medium-2512
batch1_medium,mistral/devstral-medium-latest,4,ast_compact,2,33423,738,0.012112,4,22.34,submitted,1.0,1.0,1.0,devstral-medium-2512
batch1_medium,mistral/devstral-medium-latest,4,ast_compact,3,44878,901,0.019305,5,44.04,submitted,1.0,1.0,1.0,devstral-medium-2512
batch1_medium,mistral/devstral-medium-latest,4,ast_compact,4,54787,954,0.012226,8,63.35,submitted,1.0,0.5,0.6667,devstral-medium-2512
batch1_medium,mistral/devstral-medium-latest,4,ast,0,138262,887,0.028688,8,162.27,submitted,1.0,0.5,0.6667,devstral-medium-2512
batch1_medium,mistral/devstral-medium-latest,4,ast,1,309582,1143,0.049735,17,72.11,submitted,1.0,1.0,1.0,devstral-medium-2512
batch1_medium,mistral/devstral-medium-latest,4,ast,2,269798,1005,0.048988,15,75.72,submitted,1.0,0.5,0.6667,devstral-medium-2512
batch1_medium,mistral/devstral-medium-latest,4,ast,3,327080,1344,0.05505,18,182.9,submitted,1.0,0.5,0.6667,devstral-medium-2512
batch1_medium,mistral/devstral-medium-latest,4,ast,4,113817,1150,0.019052,7,134.38,submitted,1.0,0.5,0.6667,devstral-medium-2512
batch1_medium,mistral/devstral-medium-latest,4,none,0,52161,811,0.015088,15,126.78,submitted,1.0,1.0,1.0,devstral-medium-2512
batch1_medium,mistral/devstral-medium-latest,4,none,1,27643,480,0.008068,11,40.55,submitted,1.0,1.0,1.0,devstral-medium-2512
batch1_medium,mistral/devstral-medium-latest,4,none,2,102829,731,0.022478,20,52.72,max_turns,1.0,1.0,1.0,devstral-medium-2512
batch1_medium,mistral/devstral-medium-latest,4,none,3,122586,1032,0.026305,20,118.21,max_turns,1.0,1.0,1.0,devstral-medium-2512
batch1_medium,mistral/devstral-medium-latest,4,none,4,29218,483,0.007546,11,87.42,submitted,1.0,0.5,0.6667,devstral-medium-2512
batch2_small_label,mistral/devstral-small-latest,0,ast_compact,0,253743,1630,0.042556,20,47.85,max_turns,1.0,1.0,1.0,devstral-medium-2512
batch2_small_label,mistral/devstral-small-latest,0,ast_compact,1,176431,1335,0.023834,17,38.34,submitted,1.0,1.0,1.0,devstral-medium-2512
batch2_small_label,mistral/devstral-small-latest,0,ast_compact,2,211843,1147,0.029809,18,41.03,submitted,1.0,1.0,1.0,devstral-medium-2512
batch2_small_label,mistral/devstral-small-latest,0,ast_compact,3,292160,2090,0.026074,20,51.08,max_turns,1.0,1.0,1.0,devstral-medium-2512
batch2_small_label,mistral/devstral-small-latest,0,ast_compact,4,218780,994,0.023996,20,29.45,max_turns,1.0,1.0,1.0,devstral-medium-2512
batch2_small_label,mistral/devstral-small-latest,0,ast,0,287944,1454,0.062143,14,52.48,submitted,1.0,1.0,1.0,devstral-medium-2512
batch2_small_label,mistral/devstral-small-latest,0,ast,1,282146,1107,0.023245,15,37.31,submitted,1.0,1.0,1.0,devstral-medium-2512
batch2_small_label,mistral/devstral-small-latest,0,ast,2,339975,1191,0.02465,17,67.51,submitted,1.0,1.0,1.0,devstral-medium-2512
batch2_small_label,mistral/devstral-small-latest,0,ast,3,433870,1020,0.082148,20,63.96,max_turns,0.0,0.0,0.0,devstral-medium-2512
batch2_small_label,mistral/devstral-small-latest,0,ast,4,302908,988,0.017462,16,46.22,submitted,1.0,1.0,1.0,devstral-medium-2512
batch2_small_label,mistral/devstral-small-latest,0,none,0,79597,1339,0.016571,20,40.5,max_turns,0.5,1.0,0.6667,devstral-medium-2512
batch2_small_label,mistral/devstral-small-latest,0,none,1,65157,890,0.007632,20,36.82,max_turns,1.0,1.0,1.0,devstral-medium-2512
batch2_small_label,mistral/devstral-small-latest,0,none,2,72222,821,0.014928,20,32.67,max_turns,1.0,1.0,1.0,devstral-medium-2512
batch2_small_label,mistral/devstral-small-latest,0,none,3,92419,629,0.018174,20,32.42,max_turns,0.0,0.0,0.0,devstral-medium-2512
batch2_small_label,mistral/devstral-small-latest,0,none,4,151721,995,0.030794,15,37.46,submitted,1.0,1.0,1.0,devstral-medium-2512
batch2_small_label,mistral/devstral-small-latest,12,ast_compact,0,58901,628,0.019888,7,28.06,submitted,1.0,1.0,1.0,devstral-medium-2512
batch2_small_label,mistral/devstral-small-latest,12,ast_compact,1,199954,1738,0.026248,20,56.49,max_turns,1.0,1.0,1.0,devstral-medium-2512
batch2_small_label,mistral/devstral-small-latest,12,ast_compact,2,82852,799,0.012211,10,27.77,submitted,1.0,0.3333,0.5,devstral-medium-2512
batch2_small_label,mistral/devstral-small-latest,12,ast_compact,3,200529,1516,0.044184,16,44.06,submitted,1.0,1.0,1.0,devstral-medium-2512
batch2_small_label,mistral/devstral-small-latest,12,ast_compact,4,109997,1151,0.028963,10,29.41,submitted,1.0,0.6667,0.8,devstral-medium-2512
batch2_small_label,mistral/devstral-small-latest,12,ast,0,261364,1150,0.02705,14,40.53,submitted,1.0,0.6667,0.8,devstral-medium-2512
batch2_small_label,mistral/devstral-small-latest,12,ast,1,156319,643,0.037222,9,27.32,submitted,1.0,0.3333,0.5,devstral-medium-2512
batch2_small_label,mistral/devstral-small-latest,12,ast,2,199826,1376,0.051809,11,40.97,submitted,1.0,1.0,1.0,devstral-medium-2512
batch2_small_label,mistral/devstral-small-latest,12,ast,3,162876,731,0.03348,9,29.31,submitted,1.0,0.6667,0.8,devstral-medium-2512
batch2_small_label,mistral/devstral-small-latest,12,ast,4,418164,1455,0.063091,20,69.9,max_turns,1.0,0.6667,0.8,devstral-medium-2512
batch2_small_label,mistral/devstral-small-latest,12,none,0,128870,934,0.024942,20,47.76,submitted,1.0,1.0,1.0,devstral-medium-2512
batch2_small_label,mistral/devstral-small-latest,12,none,1,20191,363,0.004246,8,13.73,submitted,1.0,0.6667,0.8,devstral-medium-2512
batch2_small_label,mistral/devstral-small-latest,12,none,2,82366,528,0.013196,15,20.27,submitted,1.0,0.3333,0.5,devstral-medium-2512
batch2_small_label,mistral/devstral-small-latest,12,none,3,37929,369,0.009273,10,17.68,submitted,1.0,0.3333,0.5,devstral-medium-2512
batch2_small_label,mistral/devstral-small-latest,12,none,4,92702,604,0.022225,14,26.99,submitted,1.0,1.0,1.0,devstral-medium-2512
batch2_small_label,mistral/devstral-small-latest,14,ast_compact,0,188237,2187,0.022542,15,47.7,submitted,0.0,0.0,0.0,devstral-medium-2512
batch2_small_label,mistral/devstral-small-latest,14,ast_compact,1,307011,1566,0.048253,20,61.4,max_turns,0.0,0.0,0.0,devstral-medium-2512
batch2_small_label,mistral/devstral-small-latest,14,ast_compact,2,327433,2443,0.056154,20,79.21,max_turns,0.0,0.0,0.0,devstral-medium-2512
batch2_small_label,mistral/devstral-small-latest,14,ast_compact,3,239184,1733,0.033469,18,59.63,submitted,0.0,0.0,0.0,devstral-medium-2512
batch2_small_label,mistral/devstral-small-latest,14,ast_compact,4,39647,937,0.013605,4,36.77,submitted,0.0,0.0,0.0,devstral-medium-2512
batch2_small_label,mistral/devstral-small-latest,14,ast,0,115710,817,0.012308,6,21.52,submitted,0.0,0.0,0.0,devstral-medium-2512
batch2_small_label,mistral/devstral-small-latest,14,ast,1,160782,830,0.030139,9,24.93,submitted,0.0,0.0,0.0,devstral-medium-2512
batch2_small_label,mistral/devstral-small-latest,14,ast,2,76420,725,0.016133,4,29.01,submitted,1.0,1.0,1.0,devstral-medium-2512
batch2_small_label,mistral/devstral-small-latest,14,ast,3,456682,1608,0.067322,20,51.5,max_turns,0.0,0.0,0.0,devstral-medium-2512
batch2_small_label,mistral/devstral-small-latest,14,ast,4,650986,1127,0.125215,20,62.6,max_turns,0.0,0.0,0.0,devstral-medium-2512
batch2_small_label,mistral/devstral-small-latest,14,none,0,199437,1141,0.040239,20,55.99,submitted,0.0,0.0,0.0,devstral-medium-2512
batch2_small_label,mistral/devstral-small-latest,14,none,1,210169,878,0.048153,20,52.61,max_turns,0.0,0.0,0.0,devstral-medium-2512
batch2_small_label,mistral/devstral-small-latest,14,none,2,286760,1021,0.051805,20,33.98,max_turns,0.5,1.0,0.6667,devstral-medium-2512
batch2_small_label,mistral/devstral-small-latest,14,none,3,278629,1044,0.064503,20,39.48,max_turns,0.5,1.0,0.6667,devstral-medium-2512
batch2_small_label,mistral/devstral-small-latest,14,none,4,332378,857,0.074121,20,42.9,submitted,0.0,0.0,0.0,devstral-medium-2512
batch2_small_label,mistral/devstral-small-latest,15,ast_compact,0,60768,623,0.015582,7,18.39,submitted,1.0,1.0,1.0,devstral-medium-2512
batch2_small_label,mistral/devstral-small-latest,15,ast_compact,1,51026,537,0.017721,6,13.16,submitted,1.0,1.0,1.0,devstral-medium-2512
batch2_small_label,mistral/devstral-small-latest,15,ast_compact,2,60172,636,0.011875,7,14.75,submitted,1.0,1.0,1.0,devstral-medium-2512
batch2_small_label,mistral/devstral-small-latest,15,ast_compact,3,89738,582,0.012426,10,19.85,submitted,1.0,1.0,1.0,devstral-medium-2512
batch2_small_label,mistral/devstral-small-latest,15,ast_compact,4,98328,774,0.014217,11,18.02,submitted,1.0,1.0,1.0,devstral-medium-2512
batch2_small_label,mistral/devstral-small-latest,15,ast,0,140437,517,0.049657,8,27.66,submitted,1.0,1.0,1.0,devstral-medium-2512
batch2_small_label,mistral/devstral-small-latest,15,ast,1,145702,698,0.036867,8,44.51,submitted,1.0,1.0,1.0,devstral-medium-2512
batch2_small_label,mistral/devstral-small-latest,15,ast,2,164508,631,0.018592,9,23.88,submitted,1.0,1.0,1.0,devstral-medium-2512
batch2_small_label,mistral/devstral-small-latest,15,ast,3,142469,623,0.043251,8,25.99,submitted,1.0,1.0,1.0,devstral-medium-2512
batch2_small_label,mistral/devstral-small-latest,15,ast,4,141903,738,0.023056,8,25.22,submitted,1.0,1.0,1.0,devstral-medium-2512
batch2_small_label,mistral/devstral-small-latest,15,none,0,26599,761,0.005173,11,21.21,submitted,1.0,1.0,1.0,devstral-medium-2512
batch2_small_label,mistral/devstral-small-latest,15,none,1,15324,602,0.003353,8,23.23,submitted,1.0,1.0,1.0,devstral-medium-2512
batch2_small_label,mistral/devstral-small-latest,15,none,2,16218,548,0.003353,8,16.22,submitted,1.0,1.0,1.0,devstral-medium-2512
batch2_small_label,mistral/devstral-small-latest,15,none,3,15850,495,0.003644,8,22.01,submitted,1.0,1.0,1.0,devstral-medium-2512
batch2_small_label,mistral/devstral-small-latest,15,none,4,22533,651,0.005291,10,23.97,submitted,1.0,1.0,1.0,devstral-medium-2512
batch2_small_label,mistral/devstral-small-latest,4,ast_compact,0,216204,1097,0.044688,17,65.34,submitted,1.0,1.0,1.0,devstral-medium-2512
batch2_small_label,mistral/devstral-small-latest,4,ast_compact,1,107451,723,0.019402,10,27.4,submitted,1.0,0.5,0.6667,devstral-medium-2512
batch2_small_label,mistral/devstral-small-latest,4,ast_compact,2,213399,1210,0.019965,17,36.81,submitted,1.0,1.0,1.0,devstral-medium-2512
batch2_small_label,mistral/devstral-small-latest,4,ast_compact,3,209293,1014,0.042116,20,55.17,max_turns,1.0,1.0,1.0,devstral-medium-2512
batch2_small_label,mistral/devstral-small-latest,4,ast_compact,4,41671,765,0.013149,5,30.25,submitted,1.0,1.0,1.0,devstral-medium-2512
batch2_small_label,mistral/devstral-small-latest,4,ast,0,149607,767,0.041146,9,33.11,submitted,1.0,1.0,1.0,devstral-medium-2512
batch2_small_label,mistral/devstral-small-latest,4,ast,1,208909,1218,0.017065,12,39.65,submitted,1.0,1.0,1.0,devstral-medium-2512
batch2_small_label,mistral/devstral-small-latest,4,ast,2,276257,982,0.031961,14,37.72,submitted,1.0,1.0,1.0,devstral-medium-2512
batch2_small_label,mistral/devstral-small-latest,4,ast,3,207444,918,0.017242,12,39.83,submitted,1.0,0.5,0.6667,devstral-medium-2512
batch2_small_label,mistral/devstral-small-latest,4,ast,4,368920,1434,0.020394,20,30.45,max_turns,1.0,1.0,1.0,devstral-medium-2512
batch2_small_label,mistral/devstral-small-latest,4,none,0,27725,471,0.0072,12,24.93,submitted,1.0,1.0,1.0,devstral-medium-2512
batch2_small_label,mistral/devstral-small-latest,4,none,1,21763,301,0.00516,10,12.46,submitted,1.0,0.5,0.6667,devstral-medium-2512
batch2_small_label,mistral/devstral-small-latest,4,none,2,55779,823,0.013878,15,41.08,submitted,1.0,1.0,1.0,devstral-medium-2512
batch2_small_label,mistral/devstral-small-latest,4,none,3,61719,917,0.014579,14,48.2,submitted,1.0,0.5,0.6667,devstral-medium-2512
batch2_small_label,mistral/devstral-small-latest,4,none,4,85017,769,0.012761,15,38.15,submitted,1.0,0.5,0.6667,devstral-medium-2512
