repo,issue_idx,map_condition_raw,pooled_mean_delta_f1,unhelped,issue_weak,ease_of_connection,map_weak_for_gt,conversion_gap,touched_not_kept_rate,n_touched,baseline_f1,ceiling_effect,any_pipeline_flag,fully_explained
keras,5,freq,0.4167,False,True,misleading,True,True,0.4166666666666667,12.0,0.13889166666666666,False,True,True
localstack,9,ast_compact,0.25,False,True,investigation-required,False,False,0.0,12.0,0.75,False,True,True
localstack,9,freq,0.25,False,True,investigation-required,False,False,0.0,12.0,0.75,False,True,True
localstack,9,cochange,0.25,False,True,investigation-required,True,False,0.0,12.0,0.75,False,True,True
transformers,5,cochange,0.2399,False,False,quoted,False,False,0.07692307692307693,26.0,0.44245833333333334,False,False,False
pandas,26,cochange,0.2278,False,False,convention,False,False,0.23809523809523808,21.0,0.46667499999999995,False,False,False
keras,5,cochange,0.2222,False,True,misleading,True,True,0.5454545454545454,11.0,0.13889166666666666,False,True,True
flask,3,freq,0.1667,False,False,convention,False,False,0.0,12.0,0.8333333333333334,False,False,False
thefuck,5,freq,0.1667,False,False,quoted,False,False,0.0,12.0,0.9166666666666666,False,False,False
keras,5,ast_compact,0.1667,False,True,misleading,False,True,0.6363636363636364,11.0,0.13889166666666666,False,True,True
localstack,19,ast_compact,0.145,False,True,missing-detail,True,True,0.3,10.0,0.020833333333333332,False,True,True
localstack,2,cochange,0.1389,False,True,investigation-required,True,False,0.0,12.0,0.8611166666666666,False,True,True
scrapy,48,ast_compact,0.125,False,True,misleading,False,True,0.6363636363636364,11.0,0.13889166666666666,False,True,True
scrapy,48,cochange,0.125,False,True,misleading,False,True,0.6666666666666666,15.0,0.13889166666666666,False,True,True
localstack,19,freq,0.1227,False,True,missing-detail,True,True,0.5625,16.0,0.020833333333333332,False,True,True
transformers,5,ast_compact,0.1214,False,False,quoted,True,False,0.0,18.0,0.44245833333333334,False,True,True
localstack,19,cochange,0.1187,False,True,missing-detail,False,True,0.5384615384615384,13.0,0.020833333333333332,False,True,True
requests,12,cochange,0.1167,False,True,investigation-required,False,False,0.2571428571428571,35.0,0.7000000000000001,False,True,True
pandas,26,freq,0.1167,False,False,convention,False,True,0.3888888888888889,18.0,0.46667499999999995,False,True,True
stable-diffusion-webui,5,freq,0.1111,False,True,missing-detail,False,False,0.16666666666666666,12.0,0.4166833333333333,False,True,True
yt-dlp,41,freq,0.1111,False,False,quoted,False,True,0.6666666666666666,6.0,0.05555833333333333,False,True,True
core,16,ast_compact,0.1111,False,False,convention,False,False,0.0,12.0,0.8888916666666667,False,False,False
pandas,44,ast_compact,0.1111,False,True,misleading,False,True,0.5555555555555556,9.0,0.08333333333333333,False,True,True
core,16,cochange,0.1111,False,False,convention,True,False,0.0,12.0,0.8888916666666667,False,True,True
localstack,2,ast_compact,0.1111,False,True,investigation-required,False,False,0.0,12.0,0.8611166666666666,False,True,True
thefuck,10,cochange,0.1083,False,True,misleading,False,True,0.631578947368421,19.0,0.15,False,True,True
pandas,26,ast_compact,0.1028,False,False,convention,False,True,0.4444444444444444,18.0,0.46667499999999995,False,True,True
requests,12,ast_compact,0.0917,False,True,investigation-required,False,False,0.25806451612903225,31.0,0.7000000000000001,False,True,True
rich,12,freq,0.0889,False,False,convention,False,True,0.5555555555555556,27.0,0.2888916666666667,False,True,True
yt-dlp,45,ast_compact,0.0833,False,True,investigation-required,False,True,0.3333333333333333,12.0,0.5000249999999999,False,True,True
flask,3,ast_compact,0.0833,False,False,convention,False,False,0.08333333333333333,12.0,0.8333333333333334,False,False,False
keras,9,cochange,0.0833,False,False,quoted,True,False,0.0,12.0,1.0,True,True,True
stable-diffusion-webui,5,cochange,0.0833,False,True,missing-detail,True,False,0.23076923076923078,13.0,0.4166833333333333,False,True,True
thefuck,20,cochange,0.0833,False,True,misleading,True,True,0.8571428571428571,7.0,0.0,False,True,True
thefuck,5,cochange,0.0833,False,False,quoted,True,False,0.0,11.0,0.9166666666666666,False,True,True
keras,9,ast_compact,0.0833,False,False,quoted,False,False,0.0,12.0,1.0,True,False,True
flask,3,cochange,0.0833,False,False,convention,True,False,0.08333333333333333,12.0,0.8333333333333334,False,True,True
core,16,freq,0.0833,False,False,convention,False,False,0.0,12.0,0.8888916666666667,False,False,False
transformers,5,freq,0.0823,False,False,quoted,True,False,0.2413793103448276,29.0,0.44245833333333334,False,True,True
gpt-engineer,11,freq,0.0694,False,False,convention,False,True,0.6363636363636364,11.0,0.125,False,True,True
stable-diffusion-webui,13,freq,0.0556,False,False,traceback-direct,True,False,0.0,7.0,0.6666666666666666,False,True,True
thefuck,5,ast_compact,0.0556,False,False,quoted,False,False,0.0,11.0,0.9166666666666666,False,False,False
flask,18,cochange,0.0556,False,False,quoted,False,True,0.3333333333333333,24.0,0.72225,False,True,True
flask,18,ast_compact,0.0555,False,False,quoted,False,False,0.2608695652173913,23.0,0.72225,False,False,False
requests,12,freq,0.05,False,True,investigation-required,False,True,0.3333333333333333,33.0,0.7000000000000001,False,True,True
rich,12,ast_compact,0.0444,False,False,convention,False,True,0.5833333333333334,24.0,0.2888916666666667,False,True,True
yt-dlp,41,cochange,0.0444,False,False,quoted,True,True,0.625,8.0,0.05555833333333333,False,True,True
transformers,27,cochange,0.0378,False,False,traceback-direct,False,True,0.5714285714285714,28.0,0.1538,False,True,True
rich,12,cochange,0.0278,False,False,convention,False,True,0.6428571428571429,28.0,0.2888916666666667,False,True,True
keras,12,ast_compact,0.0185,False,True,missing-detail,True,True,0.7142857142857143,7.0,0.04761666666666667,False,True,True
scrapy,26,cochange,0.0139,False,False,quoted,True,False,0.0,12.0,0.8889,False,True,True
fastapi,17,ast_compact,0.0,True,True,misleading,False,True,1.0,7.0,0.0,False,True,True
stable-diffusion-webui,0,cochange,0.0,True,False,traceback-direct,True,False,0.0,11.0,1.0,True,True,True
scrapy,20,cochange,0.0,True,False,quoted,True,False,0.0,12.0,1.0,True,True,True
scikit-learn,49,cochange,0.0,True,False,quoted,True,False,0.0,11.0,1.0,True,True,True
pandas,35,cochange,0.0,True,True,missing-detail,True,False,,,0.0,False,True,True
rich,1,freq,0.0,True,False,quoted,False,False,0.0,12.0,1.0,True,False,True
requests,7,freq,0.0,True,True,investigation-required,True,False,0.0,12.0,1.0,True,True,True
pandas,38,freq,0.0,True,True,investigation-required,True,False,0.0,12.0,0.6250249999999999,False,True,True
pandas,35,freq,0.0,True,True,missing-detail,False,True,1.0,1.0,0.0,False,True,True
keras,9,freq,0.0,True,False,quoted,False,False,0.0,12.0,1.0,True,False,True
pandas,44,freq,0.0,True,True,misleading,False,True,0.7142857142857143,7.0,0.08333333333333333,False,True,True
scikit-learn,45,ast_compact,0.0,True,False,quoted,True,False,0.0,11.0,0.6667,False,True,True
scrapy,20,ast_compact,0.0,True,False,quoted,False,False,0.0,12.0,1.0,True,False,True
scikit-learn,49,ast_compact,0.0,True,False,quoted,False,False,0.0,12.0,1.0,True,False,True
stable-diffusion-webui,13,ast_compact,0.0,True,False,traceback-direct,False,False,0.14285714285714285,7.0,0.6666666666666666,False,False,False
requests,13,ast_compact,0.0,True,False,quoted,False,False,0.08333333333333333,12.0,0.9166666666666666,False,False,False
scikit-learn,5,ast_compact,0.0,True,True,investigation-required,False,False,0.0,12.0,1.0,True,True,True
requests,7,ast_compact,0.0,True,True,investigation-required,False,False,0.0,12.0,1.0,True,True,True
gpt-engineer,11,ast_compact,0.0,True,False,convention,False,True,0.6666666666666666,9.0,0.125,False,True,True
pandas,35,ast_compact,0.0,True,True,missing-detail,False,True,1.0,1.0,0.0,False,True,True
transformers,25,ast_compact,0.0,True,False,quoted,False,False,0.0,12.0,1.0,True,False,True
core,20,freq,0.0,True,False,quoted,False,False,0.0,12.0,1.0,True,False,True
yt-dlp,23,ast_compact,0.0,True,False,convention,False,False,0.0,12.0,1.0,True,False,True
flask,6,freq,0.0,True,False,quoted,False,False,0.0,12.0,1.0,True,False,True
transformers,25,cochange,0.0,True,False,quoted,True,False,0.0,12.0,1.0,True,True,True
rich,1,cochange,0.0,True,False,quoted,True,False,0.0,12.0,1.0,True,True,True
requests,7,cochange,0.0,True,True,investigation-required,True,False,0.0,12.0,1.0,True,True,True
keras,12,cochange,0.0,True,True,missing-detail,False,True,0.7142857142857143,7.0,0.04761666666666667,False,True,True
fastapi,9,cochange,0.0,True,False,traceback-direct,False,False,0.14285714285714285,14.0,0.5,False,False,False
yt-dlp,23,freq,0.0,True,False,convention,False,False,0.0,12.0,1.0,True,False,True
scrapy,26,freq,0.0,True,False,quoted,False,False,0.0,11.0,0.8889,False,False,False
stable-diffusion-webui,0,freq,0.0,True,False,traceback-direct,False,False,0.0,12.0,1.0,True,False,True
transformers,27,freq,0.0,True,False,traceback-direct,True,True,0.4,20.0,0.1538,False,True,True
fastapi,17,cochange,0.0,True,True,misleading,True,True,1.0,8.0,0.0,False,True,True
flask,6,cochange,0.0,True,False,quoted,True,False,0.0,12.0,1.0,True,True,True
scrapy,20,freq,0.0,True,False,quoted,False,False,0.0,12.0,1.0,True,False,True
thefuck,20,ast_compact,0.0,True,True,misleading,False,True,1.0,7.0,0.0,False,True,True
keras,12,freq,0.0,True,True,missing-detail,True,True,0.6666666666666666,6.0,0.04761666666666667,False,True,True
gpt-engineer,11,cochange,0.0,True,False,convention,True,True,0.5,6.0,0.125,False,True,True
thefuck,20,freq,0.0,True,True,misleading,False,True,1.0,8.0,0.0,False,True,True
fastapi,9,freq,0.0,True,False,traceback-direct,False,False,0.07692307692307693,13.0,0.5,False,False,False
fastapi,17,freq,0.0,True,True,misleading,False,True,1.0,6.0,0.0,False,True,True
rich,1,ast_compact,0.0,True,False,quoted,False,False,0.0,12.0,1.0,True,False,True
rich,8,ast_compact,0.0,True,True,misleading,False,False,0.08333333333333333,12.0,0.9166666666666666,False,True,True
transformers,25,freq,0.0,True,False,quoted,False,False,0.0,12.0,1.0,True,False,True
scikit-learn,5,freq,0.0,True,True,investigation-required,False,False,0.0,12.0,1.0,True,True,True
scikit-learn,49,freq,0.0,True,False,quoted,False,False,0.0,12.0,1.0,True,False,True
transformers,27,ast_compact,-0.0018,True,False,traceback-direct,True,True,0.45454545454545453,22.0,0.1538,False,True,True
fastapi,20,cochange,-0.0083,True,False,quoted,True,True,0.7142857142857143,7.0,0.08333333333333333,False,True,True
yt-dlp,45,cochange,-0.0139,True,True,investigation-required,False,True,0.46153846153846156,13.0,0.5000249999999999,False,True,True
thefuck,10,ast_compact,-0.0205,True,True,misleading,False,True,0.7142857142857143,14.0,0.15,False,True,True
yt-dlp,23,cochange,-0.0278,True,False,convention,True,False,0.0,12.0,1.0,True,True,True
pandas,38,ast_compact,-0.0278,True,True,investigation-required,True,False,0.08333333333333333,12.0,0.6250249999999999,False,True,True
requests,13,freq,-0.0278,True,False,quoted,False,False,0.08333333333333333,12.0,0.9166666666666666,False,False,False
gpt-engineer,12,cochange,-0.0333,True,False,traceback-direct,False,False,0.2631578947368421,19.0,0.466675,False,False,False
gpt-engineer,12,ast_compact,-0.0333,True,False,traceback-direct,False,True,0.36363636363636365,22.0,0.466675,False,True,True
gpt-engineer,12,freq,-0.0333,True,False,traceback-direct,True,True,0.3,20.0,0.466675,False,True,True
fastapi,20,freq,-0.0417,True,False,quoted,True,True,0.6666666666666666,3.0,0.08333333333333333,False,True,True
thefuck,10,freq,-0.0417,True,True,misleading,False,True,0.8,15.0,0.15,False,True,True
pandas,44,cochange,-0.0417,True,True,misleading,False,True,0.8888888888888888,9.0,0.08333333333333333,False,True,True
stable-diffusion-webui,5,ast_compact,-0.05,True,True,missing-detail,True,True,0.36363636363636365,11.0,0.4166833333333333,False,True,True
requests,13,cochange,-0.0555,True,False,quoted,True,False,0.09090909090909091,11.0,0.9166666666666666,False,True,True
scikit-learn,45,cochange,-0.0556,True,False,quoted,True,False,0.0,11.0,0.6667,False,True,True
yt-dlp,41,ast_compact,-0.0556,True,False,quoted,False,True,1.0,6.0,0.05555833333333333,False,True,True
yt-dlp,45,freq,-0.0694,True,True,investigation-required,False,True,0.3333333333333333,12.0,0.5000249999999999,False,True,True
flask,6,ast_compact,-0.0833,True,False,quoted,False,False,0.08333333333333333,12.0,1.0,True,False,True
fastapi,9,ast_compact,-0.0833,True,False,traceback-direct,False,False,0.09090909090909091,11.0,0.5,False,False,False
fastapi,20,ast_compact,-0.0833,True,False,quoted,True,True,1.0,4.0,0.08333333333333333,False,True,True
core,20,cochange,-0.0833,True,False,quoted,True,False,0.09090909090909091,11.0,1.0,True,True,True
rich,8,cochange,-0.0833,True,True,misleading,True,False,0.16666666666666666,12.0,0.9166666666666666,False,True,True
scrapy,48,freq,-0.0833,True,True,misleading,False,True,0.9230769230769231,13.0,0.13889166666666666,False,True,True
scikit-learn,5,cochange,-0.0833,True,True,investigation-required,True,False,0.0,11.0,1.0,True,True,True
scrapy,26,ast_compact,-0.0833,True,False,quoted,False,False,0.1,10.0,0.8889,False,False,False
stable-diffusion-webui,0,ast_compact,-0.0833,True,False,traceback-direct,False,False,0.08333333333333333,12.0,1.0,True,False,True
rich,8,freq,-0.0833,True,True,misleading,True,False,0.16666666666666666,12.0,0.9166666666666666,False,True,True
gpt-engineer,9,freq,-0.0833,True,True,misleading,False,False,0.25,12.0,0.6944583333333333,False,True,True
flask,18,freq,-0.1111,True,False,quoted,True,True,0.5,24.0,0.72225,False,True,True
pandas,38,cochange,-0.125,True,True,investigation-required,True,False,0.25,12.0,0.6250249999999999,False,True,True
stable-diffusion-webui,13,cochange,-0.1389,True,False,traceback-direct,False,False,0.2857142857142857,7.0,0.6666666666666666,False,False,False
localstack,2,freq,-0.1389,True,True,investigation-required,False,False,0.25,12.0,0.8611166666666666,False,True,True
core,20,ast_compact,-0.1667,True,False,quoted,False,False,0.16666666666666666,12.0,1.0,True,False,True
scikit-learn,45,freq,-0.1667,True,False,quoted,True,False,0.0,9.0,0.6667,False,True,True
gpt-engineer,9,ast_compact,-0.1945,True,True,misleading,False,True,0.4166666666666667,12.0,0.6944583333333333,False,True,True
gpt-engineer,9,cochange,-0.2222,True,True,misleading,True,True,0.4166666666666667,12.0,0.6944583333333333,False,True,True
