repo,role,issue_idx,title,body,ground_truth,n_files,file_type,base_commit,resample_reason
flask,flexible,9,`template_filter` decorator typing does not support custom filters with multiple arguments,"`template_filter` decorator typing does not support custom filters that take in multiple arguments. Consider:

```py
from flask import Flask


app = Flask(__name__)


@app.template_filter('foo_bar')
def foo_bar_filter(foo, bar):
    return f'{foo} {bar}'
```
`mypy` will return the following error message:
```
error: Argument 1 has incompatible type ""Callable[[Any, Any], Any]""; expected ""Callable[[Any], str]""  [arg-type]
```
As custom filters with multiple arguments are supported by Jinja (https://jinja.palletsprojects.com/en/3.0.x/api/#custom-filters), I think this typing error is a false positive.

Environment:

- Python version: 3.6.13
- Flask version: 2.0.1
- Mypy version: 0.812
",['src/flask/typing.py'],1,single,8e589daaf2cec6a10262b8ff88801127f2fa14fd,GT file outside package walker scope or did not exist at base commit
keras,flexible,12,Performance Using HDF5 File vs In-Memory Dataset,"I am trying out using the HDF5 file as the format of training/testing data, so that I can avoid the problem of big dataset which cannot fit into the memory.

As a test, I used a dataset with about 20 million rows and 10 columns as my input, and my response variable is a real-valued vector. The model is a simple sequential model with 2 hidden layers and 50 neurons per hidden layer, and the training batch size is 10000. I am still using Keras version 1.2.0.

When the dataset is fully loaded into the memory, one epoch of training takes about 30 seconds. However, if I used HDF5 matrix with HDF5Matrix, one epoch of training takes about 360 seconds. Is this huge slow down common due to the I/O bottleneck? Shall I implement some perhaps better data loading process with fit_generator by myself by considering the specifications of my dataset?","['keras/utils/data_utils.py', 'keras/utils/__init__.py', 'keras/legacy/interfaces.py', 'keras/engine/training.py', 'keras/models.py']",5,multi,3d9428d3445a429b535a247168d93b8a5910219d,GT file outside package walker scope or did not exist at base commit
stable-diffusion-webui,multi,1,[Bug]: Extension Updates Overwrite with a git reset --hard,"### Is there an existing issue for this?

- [X] I have searched the existing issues and checked the recent builds/commits

### What happened?

I can't rely on users config files not being overwritten. If I use `install.py` to rename them, `install.py` does not run until next cold boot. This causes the extension to not run when first installed.  I can probably come with another workaround, like hardcoding the modifications in the apps script.  
I shouldn't be having to try workarounds when someone else can't bother to just chmod their files.

https://github.com/AUTOMATIC1111/stable-diffusion-webui/pull/4646#issuecomment-1364629164

### Steps to reproduce the problem

It's in the code:

![image](https://user-images.githubusercontent.com/9631031/209453808-85c862f3-3802-4961-a082-09a6fcde823a.png)


### What should have happened?

Config files to run the extensions should not be overwritten.

### Commit where the problem happens

current to aee611adb874fbabcdeea154a35908ae1f9a4bbf

### What platforms do you use to access UI ?

Windows

### What browsers do you use to access the UI ?

Mozilla Firefox, Google Chrome

### Command Line Arguments

_No response_

### Additional information, context and logs

https://github.com/AUTOMATIC1111/stable-diffusion-webui/pull/4646  
https://github.com/Gerschel/sd_web_ui_preset_utils/issues/23","['modules/extensions.py', 'modules/ui_extensions.py']",2,multi,98947d173e3f1667eba29c904f681047dea9de90,GT file outside package walker scope or did not exist at base commit
stable-diffusion-webui,flexible,5,[Feature Request]: Sort items by date by default,"### Is there an existing issue for this?

- [X] I have searched the existing issues and checked the recent builds/commits

### What would your feature do ?

I hope to use time sorting by default when opening additional interfaces, so that I can immediately try the new model I just downloaded.

### Proposed workflow

1. Go to .... 
2. Press ....
3. ...


### Additional information

_No response_","['modules/shared_options.py', 'modules/ui_extra_networks.py']",2,multi,d9499f4301018ebd2977685d098381aa4111d2ae,GT file outside package walker scope or did not exist at base commit
